Run,Assay Type,AvgSpotLen,Bases,BioProject,BioSample,Bytes,Center Name,Consent,DATASTORE filetype,DATASTORE provider,DATASTORE region,Experiment,Instrument,Library Name,LibraryLayout,LibrarySelection,LibrarySource,Organism,Platform,ReleaseDate,Sample Name,SRA Study,BioSampleModel,Isolate,Tissue,Collection_Date,geo_loc_name_country,geo_loc_name_country_continent,geo_loc_name,Isolation_source,sex,dev_stage,collected_by,Host,SAMPLE_TYPE,Strain,AGE,lat_lon,samp_size,Breed,ENA-FIRST-PUBLIC (run),ENA-FIRST-PUBLIC,ENA-LAST-UPDATE (run),ENA-LAST-UPDATE,environment_(biome),environment_(feature),External_Id,geographic_location_(country_and/or_sea),geographic_location_(latitude),geographic_location_(longitude),geographic_location_(region_and_locality),INSDC_center_alias,INSDC_center_name,INSDC_first_public,INSDC_last_update,INSDC_status,Investigation_type,nat-host,project_name,Sample_Name,Sequencing_method,SRA_accession,Submitter_Id,Title
SRR1693843,WGS,224,672000000,PRJNA246159,SAMN02745950,446251684,"GEORG-AUGUST-UNIVERSITY GOETTINGEN, GENOMIC AND APPLIED MICROBIOLOGY, GOETTINGEN GENOMICS LABORATORY",public,"fastq,sra","gs,ncbi,s3","s3.us-east-1,gs.US,ncbi.public",SRX796611,Illumina Genome Analyzer II,,PAIRED,unspecified,GENOMIC,Pedobacter glucosidilyticus,ILLUMINA,2014-12-06T00:00:00Z,PBAC,SRP050592,"Microbe\, viral or environmental",,,2008-10-24,Germany,Europe,Germany: Konstanz,dissected gut,,,,,missing,DD6b,,,,,,,,,,,,,,,,,,,,,,Daphnia magna,,,,,,
SRR7778165,WGS,180,5152503960,PRJNA488976,SAMN09946776,3912724594,UGENT,public,"sra,fastq","gs,ncbi,s3","gs.US,ncbi.public,s3.us-east-1",SRX4633379,Illumina HiSeq 2000,DM_7,PAIRED,RANDOM,GENOMIC,Daphnia magna,ILLUMINA,2019-09-20T00:00:00Z,Clone 170,SRP159440,Invertebrate,170,whole organism,20-JUN-2013,Belgium,Europe,Belgium,"Labculture\, grown in M4-medium filled aquaria",female,Adult,Jana Asselman,,,,,,,,,,,,,,,,,,,,,,,,,,,,,,,
SRR7778166,WGS,180,3803339160,PRJNA488976,SAMN09946777,2842128858,UGENT,public,"sra,fastq","gs,ncbi,s3","gs.US,s3.us-east-1,ncbi.public",SRX4633378,Illumina HiSeq 2000,DM_8,PAIRED,RANDOM,GENOMIC,Daphnia magna,ILLUMINA,2019-09-20T00:00:00Z,Clone 173,SRP159440,Invertebrate,173,whole organism,20-JUN-2013,Belgium,Europe,Belgium,"Labculture\, grown in M4-medium filled aquaria",female,Adult,Jana Asselman,,,,,,,,,,,,,,,,,,,,,,,,,,,,,,,
SRR7778167,WGS,180,4172113800,PRJNA488976,SAMN09946774,3242487770,UGENT,public,"fastq,sra","ncbi,gs,s3","gs.US,s3.us-east-1,ncbi.public",SRX4633377,Illumina HiSeq 2000,DM_5,PAIRED,RANDOM,GENOMIC,Daphnia magna,ILLUMINA,2019-09-20T00:00:00Z,Clone 142,SRP159440,Invertebrate,142,whole organism,20-JUN-2013,Belgium,Europe,Belgium,"Labculture\, grown in M4-medium filled aquaria",female,Adult,Jana Asselman,,,,,,,,,,,,,,,,,,,,,,,,,,,,,,,
SRR7778168,WGS,180,4223253960,PRJNA488976,SAMN09946775,3263646114,UGENT,public,"sra,fastq","gs,ncbi,s3","ncbi.public,gs.US,s3.us-east-1",SRX4633376,Illumina HiSeq 2000,DM_6,PAIRED,RANDOM,GENOMIC,Daphnia magna,ILLUMINA,2019-09-20T00:00:00Z,Clone 148,SRP159440,Invertebrate,148,whole organism,20-JUN-2013,Belgium,Europe,Belgium,"Labculture\, grown in M4-medium filled aquaria",female,Adult,Jana Asselman,,,,,,,,,,,,,,,,,,,,,,,,,,,,,,,
SRR7778169,WGS,180,3560959080,PRJNA488976,SAMN09946772,2784029056,UGENT,public,"fastq,sra","s3,gs,ncbi","gs.US,ncbi.public,s3.us-east-1",SRX4633375,Illumina HiSeq 2000,DM_3,PAIRED,RANDOM,GENOMIC,Daphnia magna,ILLUMINA,2019-09-20T00:00:00Z,Clone 109,SRP159440,Invertebrate,109,whole organism,20-JUN-2013,Belgium,Europe,Belgium,"Labculture\, grown in M4-medium filled aquaria",female,Adult,Jana Asselman,,,,,,,,,,,,,,,,,,,,,,,,,,,,,,,
SRR7778170,WGS,180,4136829300,PRJNA488976,SAMN09946773,3221152948,UGENT,public,"sra,fastq","ncbi,s3,gs","ncbi.public,gs.US,s3.us-east-1",SRX4633374,Illumina HiSeq 2000,DM_4,PAIRED,RANDOM,GENOMIC,Daphnia magna,ILLUMINA,2019-09-20T00:00:00Z,Clone 127,SRP159440,Invertebrate,127,whole organism,20-JUN-2013,Belgium,Europe,Belgium,"Labculture\, grown in M4-medium filled aquaria",female,Adult,Jana Asselman,,,,,,,,,,,,,,,,,,,,,,,,,,,,,,,
SRR7778171,WGS,180,3798801000,PRJNA488976,SAMN09946770,2965133642,UGENT,public,"fastq,sra","ncbi,s3,gs","gs.US,s3.us-east-1,ncbi.public",SRX4633373,Illumina HiSeq 2000,DM_1,PAIRED,RANDOM,GENOMIC,Daphnia magna,ILLUMINA,2019-09-20T00:00:00Z,Clone 100,SRP159440,Invertebrate,100,whole organism,20-JUN-2013,Belgium,Europe,Belgium,"Labculture\, grown in M4-medium filled aquaria",female,Adult,Jana Asselman,,,,,,,,,,,,,,,,,,,,,,,,,,,,,,,
SRR7778172,WGS,180,4355873460,PRJNA488976,SAMN09946771,3226784332,UGENT,public,"sra,fastq","s3,ncbi,gs","gs.US,s3.us-east-1,ncbi.public",SRX4633372,Illumina HiSeq 2000,DM_2,PAIRED,RANDOM,GENOMIC,Daphnia magna,ILLUMINA,2019-09-20T00:00:00Z,Clone 103,SRP159440,Invertebrate,103,whole organism,20-JUN-2013,Belgium,Europe,Belgium,"Labculture\, grown in M4-medium filled aquaria",female,Adult,Jana Asselman,,,,,,,,,,,,,,,,,,,,,,,,,,,,,,,
SRR7778173,WGS,180,4664019060,PRJNA488976,SAMN09946778,3600852333,UGENT,public,"fastq,sra","ncbi,gs,s3","ncbi.public,gs.US,s3.us-east-1",SRX4633371,Illumina HiSeq 2000,DM_9,PAIRED,RANDOM,GENOMIC,Daphnia magna,ILLUMINA,2019-09-20T00:00:00Z,Clone 174,SRP159440,Invertebrate,174,whole organism,20-JUN-2013,Belgium,Europe,Belgium,"Labculture\, grown in M4-medium filled aquaria",female,Adult,Jana Asselman,,,,,,,,,,,,,,,,,,,,,,,,,,,,,,,
SRR7778174,WGS,180,4074912900,PRJNA488976,SAMN09946779,3133131089,UGENT,public,"sra,fastq","ncbi,s3,gs","gs.US,ncbi.public,s3.us-east-1",SRX4633370,Illumina HiSeq 2000,DM_10,PAIRED,RANDOM,GENOMIC,Daphnia magna,ILLUMINA,2019-09-20T00:00:00Z,Clone 197,SRP159440,Invertebrate,197,whole organism,20-JUN-2013,Belgium,Europe,Belgium,"Labculture\, grown in M4-medium filled aquaria",female,Adult,Jana Asselman,,,,,,,,,,,,,,,,,,,,,,,,,,,,,,,
SRR7778175,WGS,180,3794209920,PRJNA488976,SAMN09946788,2939925989,UGENT,public,"sra,fastq","s3,gs,ncbi","ncbi.public,s3.us-east-1,gs.US",SRX4633369,Illumina HiSeq 2000,DM_19,PAIRED,RANDOM,GENOMIC,Daphnia magna,ILLUMINA,2019-09-20T00:00:00Z,Clone 248,SRP159440,Invertebrate,248,whole organism,20-JUN-2013,Belgium,Europe,Belgium,"Labculture\, grown in M4-medium filled aquaria",female,Adult,Jana Asselman,,,,,,,,,,,,,,,,,,,,,,,,,,,,,,,
SRR7778176,WGS,180,4490209620,PRJNA488976,SAMN09946789,3478632589,UGENT,public,"sra,fastq","gs,s3,ncbi","gs.US,ncbi.public,s3.us-east-1",SRX4633368,Illumina HiSeq 2000,DM_20,PAIRED,RANDOM,GENOMIC,Daphnia magna,ILLUMINA,2019-09-20T00:00:00Z,Clone 249,SRP159440,Invertebrate,249,whole organism,20-JUN-2013,Belgium,Europe,Belgium,"Labculture\, grown in M4-medium filled aquaria",female,Adult,Jana Asselman,,,,,,,,,,,,,,,,,,,,,,,,,,,,,,,
SRR7778177,WGS,180,2961277200,PRJNA488976,SAMN09946786,2312475767,UGENT,public,"sra,fastq","ncbi,s3,gs","ncbi.public,gs.US,s3.us-east-1",SRX4633367,Illumina HiSeq 2000,DM_17,PAIRED,RANDOM,GENOMIC,Daphnia magna,ILLUMINA,2019-09-20T00:00:00Z,Clone 223,SRP159440,Invertebrate,223,whole organism,20-JUN-2013,Belgium,Europe,Belgium,"Labculture\, grown in M4-medium filled aquaria",female,Adult,Jana Asselman,,,,,,,,,,,,,,,,,,,,,,,,,,,,,,,
SRR7778178,WGS,180,3495640140,PRJNA488976,SAMN09946787,2723174563,UGENT,public,"sra,fastq","ncbi,gs,s3","s3.us-east-1,gs.US,ncbi.public",SRX4633366,Illumina HiSeq 2000,DM_18,PAIRED,RANDOM,GENOMIC,Daphnia magna,ILLUMINA,2019-09-20T00:00:00Z,Clone 243,SRP159440,Invertebrate,243,whole organism,20-JUN-2013,Belgium,Europe,Belgium,"Labculture\, grown in M4-medium filled aquaria",female,Adult,Jana Asselman,,,,,,,,,,,,,,,,,,,,,,,,,,,,,,,
SRR7778179,WGS,180,4335132780,PRJNA488976,SAMN09946784,3362171334,UGENT,public,"sra,fastq","ncbi,gs,s3","ncbi.public,s3.us-east-1,gs.US",SRX4633365,Illumina HiSeq 2000,DM_15,PAIRED,RANDOM,GENOMIC,Daphnia magna,ILLUMINA,2019-09-20T00:00:00Z,Clone 219,SRP159440,Invertebrate,219,whole organism,20-JUN-2013,Belgium,Europe,Belgium,"Labculture\, grown in M4-medium filled aquaria",female,Adult,Jana Asselman,,,,,,,,,,,,,,,,,,,,,,,,,,,,,,,
SRR7778180,WGS,180,3766989780,PRJNA488976,SAMN09946785,2920460547,UGENT,public,"sra,fastq","ncbi,s3,gs","ncbi.public,gs.US,s3.us-east-1",SRX4633364,Illumina HiSeq 2000,DM_16,PAIRED,RANDOM,GENOMIC,Daphnia magna,ILLUMINA,2019-09-20T00:00:00Z,Clone 21,SRP159440,Invertebrate,21,whole organism,20-JUN-2013,Belgium,Europe,Belgium,"Labculture\, grown in M4-medium filled aquaria",female,Adult,Jana Asselman,,,,,,,,,,,,,,,,,,,,,,,,,,,,,,,
SRR7778181,WGS,180,3802299660,PRJNA488976,SAMN09946782,2961253062,UGENT,public,"sra,fastq","gs,s3,ncbi","ncbi.public,s3.us-east-1,gs.US",SRX4633363,Illumina HiSeq 2000,DM_13,PAIRED,RANDOM,GENOMIC,Daphnia magna,ILLUMINA,2019-09-20T00:00:00Z,Clone 20,SRP159440,Invertebrate,20,whole organism,20-JUN-2013,Belgium,Europe,Belgium,"Labculture\, grown in M4-medium filled aquaria",female,Adult,Jana Asselman,,,,,,,,,,,,,,,,,,,,,,,,,,,,,,,
SRR7778182,WGS,180,4166115660,PRJNA488976,SAMN09946783,3249613266,UGENT,public,"fastq,sra","gs,s3,ncbi","ncbi.public,s3.us-east-1,gs.US",SRX4633362,Illumina HiSeq 2000,DM_14,PAIRED,RANDOM,GENOMIC,Daphnia magna,ILLUMINA,2019-09-20T00:00:00Z,Clone 215,SRP159440,Invertebrate,215,whole organism,20-JUN-2013,Belgium,Europe,Belgium,"Labculture\, grown in M4-medium filled aquaria",female,Adult,Jana Asselman,,,,,,,,,,,,,,,,,,,,,,,,,,,,,,,
SRR7778183,WGS,180,4079807460,PRJNA488976,SAMN09946780,3169782663,UGENT,public,"fastq,sra","s3,ncbi,gs","ncbi.public,gs.US,s3.us-east-1",SRX4633361,Illumina HiSeq 2000,DM_11,PAIRED,RANDOM,GENOMIC,Daphnia magna,ILLUMINA,2019-09-20T00:00:00Z,Clone 198,SRP159440,Invertebrate,198,whole organism,20-JUN-2013,Belgium,Europe,Belgium,"Labculture\, grown in M4-medium filled aquaria",female,Adult,Jana Asselman,,,,,,,,,,,,,,,,,,,,,,,,,,,,,,,
SRR7778184,WGS,180,4401980640,PRJNA488976,SAMN09946781,3410580138,UGENT,public,"sra,fastq","gs,s3,ncbi","gs.US,s3.us-east-1,ncbi.public",SRX4633360,Illumina HiSeq 2000,DM_12,PAIRED,RANDOM,GENOMIC,Daphnia magna,ILLUMINA,2019-09-20T00:00:00Z,Clone 208,SRP159440,Invertebrate,208,whole organism,20-JUN-2013,Belgium,Europe,Belgium,"Labculture\, grown in M4-medium filled aquaria",female,Adult,Jana Asselman,,,,,,,,,,,,,,,,,,,,,,,,,,,,,,,
SRR7778185,WGS,180,5566457700,PRJNA488976,SAMN09946800,4225342729,UGENT,public,"sra,fastq","gs,s3,ncbi","gs.US,ncbi.public,s3.us-east-1",SRX4633359,Illumina HiSeq 2000,DM_31,PAIRED,RANDOM,GENOMIC,Daphnia magna,ILLUMINA,2019-09-20T00:00:00Z,Clone 92,SRP159440,Invertebrate,92,whole organism,20-JUN-2013,Belgium,Europe,Belgium,"Labculture\, grown in M4-medium filled aquaria",female,Adult,Jana Asselman,,,,,,,,,,,,,,,,,,,,,,,,,,,,,,,
SRR7778186,WGS,180,3389807520,PRJNA488976,SAMN09946801,2636316970,UGENT,public,"sra,fastq","ncbi,s3,gs","s3.us-east-1,gs.US,ncbi.public",SRX4633358,Illumina HiSeq 2000,DM_32,PAIRED,RANDOM,GENOMIC,Daphnia magna,ILLUMINA,2019-09-20T00:00:00Z,Clone 98,SRP159440,Invertebrate,98,whole organism,20-JUN-2013,Belgium,Europe,Belgium,"Labculture\, grown in M4-medium filled aquaria",female,Adult,Jana Asselman,,,,,,,,,,,,,,,,,,,,,,,,,,,,,,,
SRR7778187,WGS,180,4049960580,PRJNA488976,SAMN09946797,3136583699,UGENT,public,"fastq,sra","ncbi,s3,gs","ncbi.public,gs.US,s3.us-east-1",SRX4633357,Illumina HiSeq 2000,DM_28,PAIRED,RANDOM,GENOMIC,Daphnia magna,ILLUMINA,2019-09-20T00:00:00Z,Clone 5,SRP159440,Invertebrate,5,whole organism,20-JUN-2013,Belgium,Europe,Belgium,"Labculture\, grown in M4-medium filled aquaria",female,Adult,Jana Asselman,,,,,,,,,,,,,,,,,,,,,,,,,,,,,,,
SRR7778188,WGS,180,3800712420,PRJNA488976,SAMN09946796,2970309036,UGENT,public,"sra,fastq","s3,gs,ncbi","ncbi.public,s3.us-east-1,gs.US",SRX4633356,Illumina HiSeq 2000,DM_27,PAIRED,RANDOM,GENOMIC,Daphnia magna,ILLUMINA,2019-09-20T00:00:00Z,Clone 46,SRP159440,Invertebrate,46,whole organism,20-JUN-2013,Belgium,Europe,Belgium,"Labculture\, grown in M4-medium filled aquaria",female,Adult,Jana Asselman,,,,,,,,,,,,,,,,,,,,,,,,,,,,,,,
SRR7778189,WGS,180,3971416140,PRJNA488976,SAMN09946795,3015129706,UGENT,public,"sra,fastq","gs,s3,ncbi","ncbi.public,s3.us-east-1,gs.US",SRX4633355,Illumina HiSeq 2000,DM_26,PAIRED,RANDOM,GENOMIC,Daphnia magna,ILLUMINA,2019-09-20T00:00:00Z,Clone 43,SRP159440,Invertebrate,43,whole organism,20-JUN-2013,Belgium,Europe,Belgium,"Labculture\, grown in M4-medium filled aquaria",female,Adult,Jana Asselman,,,,,,,,,,,,,,,,,,,,,,,,,,,,,,,
SRR7778190,WGS,180,3579854760,PRJNA488976,SAMN09946794,2783894427,UGENT,public,"sra,fastq","gs,s3,ncbi","ncbi.public,gs.US,s3.us-east-1",SRX4633354,Illumina HiSeq 2000,DM_25,PAIRED,RANDOM,GENOMIC,Daphnia magna,ILLUMINA,2019-09-20T00:00:00Z,Clone 42,SRP159440,Invertebrate,42,whole organism,20-JUN-2013,Belgium,Europe,Belgium,"Labculture\, grown in M4-medium filled aquaria",female,Adult,Jana Asselman,,,,,,,,,,,,,,,,,,,,,,,,,,,,,,,
SRR7778191,WGS,180,3764653740,PRJNA488976,SAMN09946793,2942265866,UGENT,public,"fastq,sra","gs,s3,ncbi","gs.US,ncbi.public,s3.us-east-1",SRX4633353,Illumina HiSeq 2000,DM_24,PAIRED,RANDOM,GENOMIC,Daphnia magna,ILLUMINA,2019-09-20T00:00:00Z,Clone 33,SRP159440,Invertebrate,33,whole organism,20-JUN-2013,Belgium,Europe,Belgium,"Labculture\, grown in M4-medium filled aquaria",female,Adult,Jana Asselman,,,,,,,,,,,,,,,,,,,,,,,,,,,,,,,
SRR7778192,WGS,180,4106156760,PRJNA488976,SAMN09946792,3191322839,UGENT,public,"fastq,sra","s3,gs,ncbi","s3.us-east-1,ncbi.public,gs.US",SRX4633352,Illumina HiSeq 2000,DM_23,PAIRED,RANDOM,GENOMIC,Daphnia magna,ILLUMINA,2019-09-20T00:00:00Z,Clone 28,SRP159440,Invertebrate,28,whole organism,20-JUN-2013,Belgium,Europe,Belgium,"Labculture\, grown in M4-medium filled aquaria",female,Adult,Jana Asselman,,,,,,,,,,,,,,,,,,,,,,,,,,,,,,,
SRR7778193,WGS,180,4315515660,PRJNA488976,SAMN09946791,3341030541,UGENT,public,"fastq,sra","ncbi,s3,gs","gs.US,s3.us-east-1,ncbi.public",SRX4633351,Illumina HiSeq 2000,DM_22,PAIRED,RANDOM,GENOMIC,Daphnia magna,ILLUMINA,2019-09-20T00:00:00Z,Clone 253,SRP159440,Invertebrate,253,whole organism,20-JUN-2013,Belgium,Europe,Belgium,"Labculture\, grown in M4-medium filled aquaria",female,Adult,Jana Asselman,,,,,,,,,,,,,,,,,,,,,,,,,,,,,,,
SRR7778194,WGS,180,3905244360,PRJNA488976,SAMN09946790,3017340272,UGENT,public,"fastq,sra","s3,gs,ncbi","ncbi.public,s3.us-east-1,gs.US",SRX4633350,Illumina HiSeq 2000,DM_21,PAIRED,RANDOM,GENOMIC,Daphnia magna,ILLUMINA,2019-09-20T00:00:00Z,Clone 250,SRP159440,Invertebrate,250,whole organism,20-JUN-2013,Belgium,Europe,Belgium,"Labculture\, grown in M4-medium filled aquaria",female,Adult,Jana Asselman,,,,,,,,,,,,,,,,,,,,,,,,,,,,,,,
SRR7778195,WGS,180,5253014160,PRJNA488976,SAMN09946799,3944992455,UGENT,public,"sra,fastq","s3,gs,ncbi","ncbi.public,s3.us-east-1,gs.US",SRX4633349,Illumina HiSeq 2000,DM_30,PAIRED,RANDOM,GENOMIC,Daphnia magna,ILLUMINA,2019-09-20T00:00:00Z,Clone 91,SRP159440,Invertebrate,91,whole organism,20-JUN-2013,Belgium,Europe,Belgium,"Labculture\, grown in M4-medium filled aquaria",female,Adult,Jana Asselman,,,,,,,,,,,,,,,,,,,,,,,,,,,,,,,
SRR7778196,WGS,180,4680638640,PRJNA488976,SAMN09946798,3619572628,UGENT,public,"sra,fastq","s3,gs,ncbi","ncbi.public,s3.us-east-1,gs.US",SRX4633348,Illumina HiSeq 2000,DM_29,PAIRED,RANDOM,GENOMIC,Daphnia magna,ILLUMINA,2019-09-20T00:00:00Z,Clone 89,SRP159440,Invertebrate,89,whole organism,20-JUN-2013,Belgium,Europe,Belgium,"Labculture\, grown in M4-medium filled aquaria",female,Adult,Jana Asselman,,,,,,,,,,,,,,,,,,,,,,,,,,,,,,,
SRR8113903,WGS,602,1932445886,PRJNA450308,SAMN10320213,1181882915,UNIVERSITY OF SAO PAULO,public,"fastq,sra","ncbi,s3,gs","gs.US,s3.us-east-1,ncbi.public",SRX4940270,Illumina MiSeq,01,PAIRED,RANDOM,METAGENOMIC,Spirobacillus cienkowskii,ILLUMINA,2018-10-26T00:00:00Z,DMetagenome,SRP166958,"Microbe\, viral or environmental",missing,,01-Jan-2014,USA,North America,USA,host,,,,Daphnia magna,missing,missing,,44.182205 N 84.506836 W,,,,,,,,,,,,,,,,,,,,,,,,,,
SRR7825545,WGS,302,25683288000,PRJNA490418,SAMN10036042,14706929524,SUNGKYUNKWAN UNIVERSITY,public,"fastq,sra","gs,ncbi,s3","gs.US,s3.us-east-1,ncbi.public",SRX4676563,Illumina HiSeq 2500,MP 10kb,PAIRED,RANDOM,GENOMIC,Daphnia magna,ILLUMINA,2018-09-13T00:00:00Z,Model organism or animal sample from Daphnia magna SK,SRP161664,Model organism or animal,,whole body,,,,,,pooled male and female,Adult,,,,SK,,,,,,,,,,,,,,,,,,,,,,,,,,,,
SRR7825546,WGS,302,26352637176,PRJNA490418,SAMN10036042,15103863826,SUNGKYUNKWAN UNIVERSITY,public,"sra,fastq","s3,gs,ncbi","ncbi.public,s3.us-east-1,gs.US",SRX4676562,Illumina HiSeq 2500,MP 5kb,PAIRED,RANDOM,GENOMIC,Daphnia magna,ILLUMINA,2018-09-13T00:00:00Z,Model organism or animal sample from Daphnia magna SK,SRP161664,Model organism or animal,,whole body,,,,,,pooled male and female,Adult,,,,SK,,,,,,,,,,,,,,,,,,,,,,,,,,,,
SRR7825547,WGS,302,28497271150,PRJNA490418,SAMN10036042,16376461623,SUNGKYUNKWAN UNIVERSITY,public,"sra,fastq","s3,gs,ncbi","s3.us-east-1,gs.US,ncbi.public",SRX4676561,Illumina HiSeq 2500,MP 2kb,PAIRED,RANDOM,GENOMIC,Daphnia magna,ILLUMINA,2018-09-13T00:00:00Z,Model organism or animal sample from Daphnia magna SK,SRP161664,Model organism or animal,,whole body,,,,,,pooled male and female,Adult,,,,SK,,,,,,,,,,,,,,,,,,,,,,,,,,,,
SRR7825548,WGS,502,21990763604,PRJNA490418,SAMN10036042,15102684465,SUNGKYUNKWAN UNIVERSITY,public,"sra,fastq","s3,gs,ncbi","ncbi.public,gs.US,s3.us-east-1",SRX4676560,Illumina HiSeq 2500,PE 800,PAIRED,RANDOM,GENOMIC,Daphnia magna,ILLUMINA,2018-09-13T00:00:00Z,Model organism or animal sample from Daphnia magna SK,SRP161664,Model organism or animal,,whole body,,,,,,pooled male and female,Adult,,,,SK,,,,,,,,,,,,,,,,,,,,,,,,,,,,
SRR7825549,WGS,502,23984387830,PRJNA490418,SAMN10036042,15523755597,SUNGKYUNKWAN UNIVERSITY,public,"fastq,sra","s3,ncbi,gs","ncbi.public,s3.us-east-1,gs.US",SRX4676559,Illumina HiSeq 2500,PE 500,PAIRED,RANDOM,GENOMIC,Daphnia magna,ILLUMINA,2018-09-13T00:00:00Z,Model organism or animal sample from Daphnia magna SK,SRP161664,Model organism or animal,,whole body,,,,,,pooled male and female,Adult,,,,SK,,,,,,,,,,,,,,,,,,,,,,,,,,,,
SRR7825550,WGS,502,33718139718,PRJNA490418,SAMN10036042,20527646337,SUNGKYUNKWAN UNIVERSITY,public,"sra,fastq","gs,s3,ncbi","gs.US,s3.us-east-1,ncbi.public",SRX4676558,Illumina HiSeq 2500,PE 300,PAIRED,RANDOM,GENOMIC,Daphnia magna,ILLUMINA,2018-09-13T00:00:00Z,Model organism or animal sample from Daphnia magna SK,SRP161664,Model organism or animal,,whole body,,,,,,pooled male and female,Adult,,,,SK,,,,,,,,,,,,,,,,,,,,,,,,,,,,
SRR1519327,WGS,224,399446880,PRJNA223517,SAMN02927137,264075017,"GEORG-AUGUST-UNIVERSITY GOETTINGEN, GENOMIC AND APPLIED MICROBIOLOGY, GOETTINGEN GENOMICS LABORATORY",public,"fastq,sra","ncbi,gs,s3","s3.us-east-1,gs.US,ncbi.public",SRX656550,Illumina Genome Analyzer II,SHI,PAIRED,RANDOM,GENOMIC,Shinella sp. DD12,ILLUMINA,2014-07-19T00:00:00Z,Shinella sp. DD12,SRP044624,"Microbe\, viral or environmental",,,2008-11-25,Germany,Europe,Germany,dissected gut of Daphnia magna,,,,,missing,DD12,,,,,,,,,,,,,,,,,,,,,,,,,,,,
SRR1519328,WGS,224,487651584,PRJNA223517,SAMN02927137,317609648,"GEORG-AUGUST-UNIVERSITY GOETTINGEN, GENOMIC AND APPLIED MICROBIOLOGY, GOETTINGEN GENOMICS LABORATORY",public,"sra,fastq","gs,ncbi,s3","ncbi.public,gs.US,s3.us-east-1",SRX656550,Illumina Genome Analyzer II,SHI,PAIRED,RANDOM,GENOMIC,Shinella sp. DD12,ILLUMINA,2014-07-19T00:00:00Z,Shinella sp. DD12,SRP044624,"Microbe\, viral or environmental",,,2008-11-25,Germany,Europe,Germany,dissected gut of Daphnia magna,,,,,missing,DD12,,,,,,,,,,,,,,,,,,,,,,,,,,,,
SRR4340274,WGS,198,5687984031,PRJNA344883,SAMN05851551,3780051022,UNIVERSITY OF LEUVEN,public,"sra,fastq","gs,s3,ncbi","ncbi.public,gs.US,s3.us-east-1",SRX2207576,Illumina HiSeq 2500,CREGSB1,PAIRED,RANDOM,GENOMIC,Daphnia magna,ILLUMINA,2016-10-08T00:00:00Z,B1,SRP090738,Invertebrate,B1,Whole organism,1997-04,Belgium,Europe,Belgium: Oud Heverlee Pond,Shallow manmade pond,,,,,,,,,,,,,,,,,,,,,,,,,,,,,,,,,,
SRR4340275,WGS,198,6626388587,PRJNA344883,SAMN05851552,4351968776,UNIVERSITY OF LEUVEN,public,"fastq,sra","s3,gs,ncbi","gs.US,s3.us-east-1,ncbi.public",SRX2207577,Illumina HiSeq 2500,CREGSB2,PAIRED,RANDOM,GENOMIC,Daphnia magna,ILLUMINA,2016-10-08T00:00:00Z,B2,SRP090738,Invertebrate,B2,Whole organism,1997-04,Belgium,Europe,Belgium: Oud Heverlee Pond,Shallow manmade pond,,,,,,,,,,,,,,,,,,,,,,,,,,,,,,,,,,
SRR4340276,WGS,198,6845907651,PRJNA344883,SAMN05852428,4498886328,UNIVERSITY OF LEUVEN,public,"sra,fastq","ncbi,gs,s3","ncbi.public,gs.US,s3.us-east-1",SRX2207578,Illumina HiSeq 2500,CREGSB11,PAIRED,RANDOM,GENOMIC,Daphnia magna,ILLUMINA,2016-10-08T00:00:00Z,B11,SRP090738,Invertebrate,B11,Whole organism,1997-04,Belgium,Europe,Belgium: Oud Heverlee Pond,Shallow manmade pond,,,,,,,,,,,,,,,,,,,,,,,,,,,,,,,,,,
SRR4340277,WGS,198,1174590981,PRJNA344883,SAMN05852429,786015069,UNIVERSITY OF LEUVEN,public,"fastq,sra","gs,s3,ncbi","gs.US,s3.us-east-1,ncbi.public",SRX2207579,Illumina HiSeq 2500,CREGSB12,PAIRED,RANDOM,GENOMIC,Daphnia magna,ILLUMINA,2016-10-08T00:00:00Z,B12,SRP090738,Invertebrate,B12,Whole organism,1997-04,Belgium,Europe,Belgium: Oud Heverlee Pond,Shallow manmade pond,,,,,,,,,,,,,,,,,,,,,,,,,,,,,,,,,,
SRR4340278,WGS,198,7745209849,PRJNA344883,SAMN05852430,5063435312,UNIVERSITY OF LEUVEN,public,"sra,fastq","ncbi,s3,gs","gs.US,s3.us-east-1,ncbi.public",SRX2207580,Illumina HiSeq 2500,CREGSM1,PAIRED,RANDOM,GENOMIC,Daphnia magna,ILLUMINA,2016-10-08T00:00:00Z,M1,SRP090738,Invertebrate,M1,Whole organism,1997-04,Belgium,Europe,Belgium: Oud Heverlee Pond,Shallow manmade pond,,,,,,,,,,,,,,,,,,,,,,,,,,,,,,,,,,
SRR4340279,WGS,198,7984650945,PRJNA344883,SAMN05852431,5235461249,UNIVERSITY OF LEUVEN,public,"fastq,sra","gs,s3,ncbi","ncbi.public,gs.US,s3.us-east-1",SRX2207581,Illumina HiSeq 2500,CREGSM2,PAIRED,RANDOM,GENOMIC,Daphnia magna,ILLUMINA,2016-10-08T00:00:00Z,M2,SRP090738,Invertebrate,M2,Whole organism,1997-04,Belgium,Europe,Belgium: Oud Heverlee Pond,Shallow manmade pond,,,,,,,,,,,,,,,,,,,,,,,,,,,,,,,,,,
SRR4340280,WGS,198,5921464004,PRJNA344883,SAMN05852432,3926187002,UNIVERSITY OF LEUVEN,public,"fastq,sra","s3,gs,ncbi","gs.US,s3.us-east-1,ncbi.public",SRX2207582,Illumina HiSeq 2500,CREGSM3,PAIRED,RANDOM,GENOMIC,Daphnia magna,ILLUMINA,2016-10-08T00:00:00Z,M3,SRP090738,Invertebrate,M3,Whole organism,1997-04,Belgium,Europe,Belgium: Oud Heverlee Pond,Shallow manmade pond,,,,,,,,,,,,,,,,,,,,,,,,,,,,,,,,,,
SRR4340281,WGS,198,8426875660,PRJNA344883,SAMN05852433,5591967570,UNIVERSITY OF LEUVEN,public,"fastq,sra","gs,s3,ncbi","gs.US,s3.us-east-1,ncbi.public",SRX2207583,Illumina HiSeq 2500,CREGSM4,PAIRED,RANDOM,GENOMIC,Daphnia magna,ILLUMINA,2016-10-08T00:00:00Z,M4,SRP090738,Invertebrate,M4,Whole organism,1997-04,Belgium,Europe,Belgium: Oud Heverlee Pond,Shallow manmade pond,,,,,,,,,,,,,,,,,,,,,,,,,,,,,,,,,,
SRR4340282,WGS,198,1202530681,PRJNA344883,SAMN05852434,790140162,UNIVERSITY OF LEUVEN,public,"sra,fastq","ncbi,s3,gs","s3.us-east-1,gs.US,ncbi.public",SRX2207584,Illumina HiSeq 2500,CREGSM5,PAIRED,RANDOM,GENOMIC,Daphnia magna,ILLUMINA,2016-10-08T00:00:00Z,M5,SRP090738,Invertebrate,M5,Whole organism,1997-04,Belgium,Europe,Belgium: Oud Heverlee Pond,Shallow manmade pond,,,,,,,,,,,,,,,,,,,,,,,,,,,,,,,,,,
SRR4340283,WGS,198,5096013873,PRJNA344883,SAMN05852435,3410483640,UNIVERSITY OF LEUVEN,public,"sra,fastq","ncbi,s3,gs","ncbi.public,s3.us-east-1,gs.US",SRX2207585,Illumina HiSeq 2500,CREGSM6,PAIRED,RANDOM,GENOMIC,Daphnia magna,ILLUMINA,2016-10-08T00:00:00Z,M6,SRP090738,Invertebrate,M6,Whole organism,1997-04,Belgium,Europe,Belgium: Oud Heverlee Pond,Shallow manmade pond,,,,,,,,,,,,,,,,,,,,,,,,,,,,,,,,,,
SRR4340284,WGS,198,6405500280,PRJNA344883,SAMN05852436,4205827366,UNIVERSITY OF LEUVEN,public,"sra,fastq","ncbi,gs,s3","s3.us-east-1,ncbi.public,gs.US",SRX2207586,Illumina HiSeq 2500,CREGSM7,PAIRED,RANDOM,GENOMIC,Daphnia magna,ILLUMINA,2016-10-08T00:00:00Z,M7,SRP090738,Invertebrate,M7,Whole organism,1997-04,Belgium,Europe,Belgium: Oud Heverlee Pond,Shallow manmade pond,,,,,,,,,,,,,,,,,,,,,,,,,,,,,,,,,,
SRR4340285,WGS,197,2854785303,PRJNA344883,SAMN05852437,1982776871,UNIVERSITY OF LEUVEN,public,"fastq,sra","s3,gs,ncbi","ncbi.public,gs.US,s3.us-east-1",SRX2207587,Illumina HiSeq 2500,CREGSM8,PAIRED,RANDOM,GENOMIC,Daphnia magna,ILLUMINA,2016-10-08T00:00:00Z,M8,SRP090738,Invertebrate,M8,Whole organism,1997-04,Belgium,Europe,Belgium: Oud Heverlee Pond,Shallow manmade pond,,,,,,,,,,,,,,,,,,,,,,,,,,,,,,,,,,
SRR4340286,WGS,198,11023494507,PRJNA344883,SAMN05851555,7134788905,UNIVERSITY OF LEUVEN,public,"sra,fastq","s3,gs,ncbi","s3.us-east-1,gs.US,ncbi.public",SRX2207588,Illumina HiSeq 2500,CREGSB3,PAIRED,RANDOM,GENOMIC,Daphnia magna,ILLUMINA,2016-10-08T00:00:00Z,B3,SRP090738,Invertebrate,B3,Whole organism,1997-04,Belgium,Europe,Belgium: Oud Heverlee Pond,Shallow manmade pond,,,,,,,,,,,,,,,,,,,,,,,,,,,,,,,,,,
SRR4340287,WGS,198,1626638826,PRJNA344883,SAMN05852438,1083134003,UNIVERSITY OF LEUVEN,public,"fastq,sra","gs,s3,ncbi","s3.us-east-1,gs.US,ncbi.public",SRX2207589,Illumina HiSeq 2500,CREGSM9,PAIRED,RANDOM,GENOMIC,Daphnia magna,ILLUMINA,2016-10-08T00:00:00Z,M9,SRP090738,Invertebrate,M9,Whole organism,1997-04,Belgium,Europe,Belgium: Oud Heverlee Pond,Shallow manmade pond,,,,,,,,,,,,,,,,,,,,,,,,,,,,,,,,,,
SRR4340288,WGS,198,5370976602,PRJNA344883,SAMN05852439,3532611063,UNIVERSITY OF LEUVEN,public,"fastq,sra","gs,s3,ncbi","gs.US,ncbi.public,s3.us-east-1",SRX2207590,Illumina HiSeq 2500,CREGSM10,PAIRED,RANDOM,GENOMIC,Daphnia magna,ILLUMINA,2016-10-08T00:00:00Z,M10,SRP090738,Invertebrate,M10,Whole organism,1997-04,Belgium,Europe,Belgium: Oud Heverlee Pond,Shallow manmade pond,,,,,,,,,,,,,,,,,,,,,,,,,,,,,,,,,,
SRR4340289,WGS,198,2942432956,PRJNA344883,SAMN05852440,1966226067,UNIVERSITY OF LEUVEN,public,"sra,fastq","ncbi,s3,gs","gs.US,s3.us-east-1,ncbi.public",SRX2207591,Illumina HiSeq 2500,CREGSM11,PAIRED,RANDOM,GENOMIC,Daphnia magna,ILLUMINA,2016-10-08T00:00:00Z,M11,SRP090738,Invertebrate,M11,Whole organism,1997-04,Belgium,Europe,Belgium: Oud Heverlee Pond,Shallow manmade pond,,,,,,,,,,,,,,,,,,,,,,,,,,,,,,,,,,
SRR4340290,WGS,198,2972313494,PRJNA344883,SAMN05852441,1988078403,UNIVERSITY OF LEUVEN,public,"sra,fastq","ncbi,s3,gs","s3.us-east-1,ncbi.public,gs.US",SRX2207592,Illumina HiSeq 2500,CREGSM12,PAIRED,RANDOM,GENOMIC,Daphnia magna,ILLUMINA,2016-10-08T00:00:00Z,M12,SRP090738,Invertebrate,M12,Whole organism,1997-04,Belgium,Europe,Belgium: Oud Heverlee Pond,Shallow manmade pond,,,,,,,,,,,,,,,,,,,,,,,,,,,,,,,,,,
SRR4340291,WGS,198,8953265623,PRJNA344883,SAMN05852442,5910835397,UNIVERSITY OF LEUVEN,public,"fastq,sra","s3,gs,ncbi","gs.US,ncbi.public,s3.us-east-1",SRX2207593,Illumina HiSeq 2500,CREGST1,PAIRED,RANDOM,GENOMIC,Daphnia magna,ILLUMINA,2016-10-08T00:00:00Z,T1,SRP090738,Invertebrate,T1,Whole organism,1997-04,Belgium,Europe,Belgium: Oud Heverlee Pond,Shallow manmade pond,,,,,,,,,,,,,,,,,,,,,,,,,,,,,,,,,,
SRR4340292,WGS,198,6748806353,PRJNA344883,SAMN05852443,4490263863,UNIVERSITY OF LEUVEN,public,"sra,fastq","s3,ncbi,gs","s3.us-east-1,gs.US,ncbi.public",SRX2207594,Illumina HiSeq 2500,CREGST2,PAIRED,RANDOM,GENOMIC,Daphnia magna,ILLUMINA,2016-10-08T00:00:00Z,T2,SRP090738,Invertebrate,T2,Whole organism,1997-04,Belgium,Europe,Belgium: Oud Heverlee Pond,Shallow manmade pond,,,,,,,,,,,,,,,,,,,,,,,,,,,,,,,,,,
SRR4340293,WGS,198,3161793461,PRJNA344883,SAMN05852444,2100180175,UNIVERSITY OF LEUVEN,public,"fastq,sra","gs,ncbi,s3","s3.us-east-1,ncbi.public,gs.US",SRX2207595,Illumina HiSeq 2500,CREGST3,PAIRED,RANDOM,GENOMIC,Daphnia magna,ILLUMINA,2016-10-08T00:00:00Z,T3,SRP090738,Invertebrate,T3,Whole organism,1997-04,Belgium,Europe,Belgium: Oud Heverlee Pond,Shallow manmade pond,,,,,,,,,,,,,,,,,,,,,,,,,,,,,,,,,,
SRR4340294,WGS,198,7116108842,PRJNA344883,SAMN05852445,4732076596,UNIVERSITY OF LEUVEN,public,"sra,fastq","ncbi,gs,s3","gs.US,s3.us-east-1,ncbi.public",SRX2207596,Illumina HiSeq 2500,CREGST4,PAIRED,RANDOM,GENOMIC,Daphnia magna,ILLUMINA,2016-10-08T00:00:00Z,T4,SRP090738,Invertebrate,T4,Whole organism,1997-04,Belgium,Europe,Belgium: Oud Heverlee Pond,Shallow manmade pond,,,,,,,,,,,,,,,,,,,,,,,,,,,,,,,,,,
SRR4340295,WGS,197,3197883445,PRJNA344883,SAMN05852446,2211171885,UNIVERSITY OF LEUVEN,public,"sra,fastq","s3,gs,ncbi","s3.us-east-1,ncbi.public,gs.US",SRX2207597,Illumina HiSeq 2500,CREGST5,PAIRED,RANDOM,GENOMIC,Daphnia magna,ILLUMINA,2016-10-08T00:00:00Z,T5,SRP090738,Invertebrate,T5,Whole organism,1997-04,Belgium,Europe,Belgium: Oud Heverlee Pond,Shallow manmade pond,,,,,,,,,,,,,,,,,,,,,,,,,,,,,,,,,,
SRR4340296,WGS,198,3239881592,PRJNA344883,SAMN05852447,2188400825,UNIVERSITY OF LEUVEN,public,"sra,fastq","gs,s3,ncbi","ncbi.public,gs.US,s3.us-east-1",SRX2207598,Illumina HiSeq 2500,CREGST6,PAIRED,RANDOM,GENOMIC,Daphnia magna,ILLUMINA,2016-10-08T00:00:00Z,T6,SRP090738,Invertebrate,T6,Whole organism,1997-04,Belgium,Europe,Belgium: Oud Heverlee Pond,Shallow manmade pond,,,,,,,,,,,,,,,,,,,,,,,,,,,,,,,,,,
SRR4340297,WGS,198,3384520508,PRJNA344883,SAMN05851556,2216431115,UNIVERSITY OF LEUVEN,public,"fastq,sra","ncbi,gs,s3","gs.US,s3.us-east-1,ncbi.public",SRX2207599,Illumina HiSeq 2500,CREGSB4,PAIRED,RANDOM,GENOMIC,Daphnia magna,ILLUMINA,2016-10-08T00:00:00Z,B4,SRP090738,Invertebrate,B4,Whole organism,1997-04,Belgium,Europe,Belgium: Oud Heverlee Pond,Shallow manmade pond,,,,,,,,,,,,,,,,,,,,,,,,,,,,,,,,,,
SRR4340298,WGS,198,3159446219,PRJNA344883,SAMN05852448,2105833897,UNIVERSITY OF LEUVEN,public,"sra,fastq","s3,gs,ncbi","gs.US,s3.us-east-1,ncbi.public",SRX2207600,Illumina HiSeq 2500,CREGST7,PAIRED,RANDOM,GENOMIC,Daphnia magna,ILLUMINA,2016-10-08T00:00:00Z,T7,SRP090738,Invertebrate,T7,Whole organism,1997-04,Belgium,Europe,Belgium: Oud Heverlee Pond,Shallow manmade pond,,,,,,,,,,,,,,,,,,,,,,,,,,,,,,,,,,
SRR4340299,WGS,197,7085592048,PRJNA344883,SAMN05852449,4809036232,UNIVERSITY OF LEUVEN,public,"fastq,sra","ncbi,s3,gs","ncbi.public,s3.us-east-1,gs.US",SRX2207601,Illumina HiSeq 2500,CREGST8,PAIRED,RANDOM,GENOMIC,Daphnia magna,ILLUMINA,2016-10-08T00:00:00Z,T8,SRP090738,Invertebrate,T8,Whole organism,1997-04,Belgium,Europe,Belgium: Oud Heverlee Pond,Shallow manmade pond,,,,,,,,,,,,,,,,,,,,,,,,,,,,,,,,,,
SRR4340300,WGS,198,5600121858,PRJNA344883,SAMN05852450,3771799987,UNIVERSITY OF LEUVEN,public,"sra,fastq","gs,ncbi,s3","gs.US,ncbi.public,s3.us-east-1",SRX2207602,Illumina HiSeq 2500,CREGST9,PAIRED,RANDOM,GENOMIC,Daphnia magna,ILLUMINA,2016-10-08T00:00:00Z,T9,SRP090738,Invertebrate,T9,Whole organism,1997-04,Belgium,Europe,Belgium: Oud Heverlee Pond,Shallow manmade pond,,,,,,,,,,,,,,,,,,,,,,,,,,,,,,,,,,
SRR4340301,WGS,198,7428155241,PRJNA344883,SAMN05852451,5001708864,UNIVERSITY OF LEUVEN,public,"sra,fastq","ncbi,s3,gs","ncbi.public,gs.US,s3.us-east-1",SRX2207603,Illumina HiSeq 2500,CREGST10,PAIRED,RANDOM,GENOMIC,Daphnia magna,ILLUMINA,2016-10-08T00:00:00Z,T10,SRP090738,Invertebrate,T10,Whole organism,1997-04,Belgium,Europe,Belgium: Oud Heverlee Pond,Shallow manmade pond,,,,,,,,,,,,,,,,,,,,,,,,,,,,,,,,,,
SRR4340302,WGS,198,4311153915,PRJNA344883,SAMN05852452,2851005599,UNIVERSITY OF LEUVEN,public,"sra,fastq","ncbi,s3,gs","ncbi.public,s3.us-east-1,gs.US",SRX2207604,Illumina HiSeq 2500,CREGST11,PAIRED,RANDOM,GENOMIC,Daphnia magna,ILLUMINA,2016-10-08T00:00:00Z,T11,SRP090738,Invertebrate,T11,Whole organism,1997-04,Belgium,Europe,Belgium: Oud Heverlee Pond,Shallow manmade pond,,,,,,,,,,,,,,,,,,,,,,,,,,,,,,,,,,
SRR4340303,WGS,197,4332178691,PRJNA344883,SAMN05852453,2941338573,UNIVERSITY OF LEUVEN,public,"fastq,sra","s3,gs,ncbi","ncbi.public,gs.US,s3.us-east-1",SRX2207605,Illumina HiSeq 2500,CREGST12,PAIRED,RANDOM,GENOMIC,Daphnia magna,ILLUMINA,2016-10-08T00:00:00Z,T12,SRP090738,Invertebrate,T12,Whole organism,1997-04,Belgium,Europe,Belgium: Oud Heverlee Pond,Shallow manmade pond,,,,,,,,,,,,,,,,,,,,,,,,,,,,,,,,,,
SRR4340304,WGS,198,5861752621,PRJNA344883,SAMN05852422,3791145683,UNIVERSITY OF LEUVEN,public,"sra,fastq","s3,gs,ncbi","ncbi.public,s3.us-east-1,gs.US",SRX2207606,Illumina HiSeq 2500,CREGSB5,PAIRED,RANDOM,GENOMIC,Daphnia magna,ILLUMINA,2016-10-08T00:00:00Z,B5,SRP090738,Invertebrate,B5,Whole organism,1997-04,Belgium,Europe,Belgium: Oud Heverlee Pond,Shallow manmade pond,,,,,,,,,,,,,,,,,,,,,,,,,,,,,,,,,,
SRR4340305,WGS,198,1653266118,PRJNA344883,SAMN05852423,1076612583,UNIVERSITY OF LEUVEN,public,"sra,fastq","s3,ncbi,gs","gs.US,s3.us-east-1,ncbi.public",SRX2207607,Illumina HiSeq 2500,CREGSB6,PAIRED,RANDOM,GENOMIC,Daphnia magna,ILLUMINA,2016-10-08T00:00:00Z,B6,SRP090738,Invertebrate,B6,Whole organism,1997-04,Belgium,Europe,Belgium: Oud Heverlee Pond,Shallow manmade pond,,,,,,,,,,,,,,,,,,,,,,,,,,,,,,,,,,
SRR4340306,WGS,198,3506277484,PRJNA344883,SAMN05852424,2305649701,UNIVERSITY OF LEUVEN,public,"fastq,sra","ncbi,s3,gs","ncbi.public,s3.us-east-1,gs.US",SRX2207608,Illumina HiSeq 2500,CREGSB7,PAIRED,RANDOM,GENOMIC,Daphnia magna,ILLUMINA,2016-10-08T00:00:00Z,B7,SRP090738,Invertebrate,B7,Whole organism,1997-04,Belgium,Europe,Belgium: Oud Heverlee Pond,Shallow manmade pond,,,,,,,,,,,,,,,,,,,,,,,,,,,,,,,,,,
SRR4340307,WGS,198,7235835437,PRJNA344883,SAMN05852425,4900979152,UNIVERSITY OF LEUVEN,public,"sra,fastq","s3,ncbi,gs","ncbi.public,s3.us-east-1,gs.US",SRX2207609,Illumina HiSeq 2500,CREGSB8,PAIRED,RANDOM,GENOMIC,Daphnia magna,ILLUMINA,2016-10-08T00:00:00Z,B8,SRP090738,Invertebrate,B8,Whole organism,1997-04,Belgium,Europe,Belgium: Oud Heverlee Pond,Shallow manmade pond,,,,,,,,,,,,,,,,,,,,,,,,,,,,,,,,,,
SRR4340308,WGS,198,3496003755,PRJNA344883,SAMN05852426,2271941735,UNIVERSITY OF LEUVEN,public,"sra,fastq","gs,ncbi,s3","gs.US,ncbi.public,s3.us-east-1",SRX2207610,Illumina HiSeq 2500,CREGSB9,PAIRED,RANDOM,GENOMIC,Daphnia magna,ILLUMINA,2016-10-08T00:00:00Z,B9,SRP090738,Invertebrate,B9,Whole organism,1997-04,Belgium,Europe,Belgium: Oud Heverlee Pond,Shallow manmade pond,,,,,,,,,,,,,,,,,,,,,,,,,,,,,,,,,,
SRR4340309,WGS,198,1865460613,PRJNA344883,SAMN05852427,1234819088,UNIVERSITY OF LEUVEN,public,"sra,fastq","s3,ncbi,gs","ncbi.public,gs.US,s3.us-east-1",SRX2207611,Illumina HiSeq 2500,CREGSB10,PAIRED,RANDOM,GENOMIC,Daphnia magna,ILLUMINA,2016-10-08T00:00:00Z,B10,SRP090738,Invertebrate,B10,Whole organism,1997-04,Belgium,Europe,Belgium: Oud Heverlee Pond,Shallow manmade pond,,,,,,,,,,,,,,,,,,,,,,,,,,,,,,,,,,
ERR911439,WGS,500,720051500,PRJEB9573,SAMEA3448422,433380491,BIOLOGY CENTRE OF CAS,public,"sra,fastq","ena,gs,ncbi,s3","gs.US,ena,ncbi.public,s3.us-east-1",ERX990569,Illumina MiSeq,DM1_SG,PAIRED,RANDOM,GENOMIC,Limnohabitans sp. DM1,ILLUMINA,2015-08-09T00:00:00Z,SAMEA3448422,ERP010696,,,,2011-11-01,,,,Daphnia magna breeding,,,Vojtech Kasalicky,,,DM1,,,,,2015-08-08,2015-08-08,2018-11-16,2020-10-13,freshwater,aquaculture,SAMEA3448422,Germany,47.69 N,9.187 E,"Konstanz\, Baden-Wurttemberg",Biology Centre of CAS,Biology Centre of CAS,2015-08-08T17:02:29Z,2020-10-13T11:21:31Z,public,basic research,,Factors regulating the phototrophic activity of freshwater community of Betaproteobacteria,DM1,wgs,ERS746006,DM1,Lhab_DM1
SRR2087005,WGS,85,512867135,PRJNA288911,SAMN03839920,334264615,UNIVERSITY OF VIRGINIA,public,"fastq,sra","gs,ncbi,s3","ncbi.public,gs.US,s3.us-east-1",SRX1081048,Illumina HiSeq 2000,XINB3,SINGLE,unspecified,GENOMIC,Daphnia magna,ILLUMINA,2016-07-05T00:00:00Z,Xinb3,SRP060341,Model organism or animal,magna,whole individual,,,,,,not applicable,adult and resting stage,,,,,,,,,,,,,,,,,,,,,,,,,,,,,,,,
SRR2087006,WGS,95,431471380,PRJNA288911,SAMN03839897,377154372,UNIVERSITY OF VIRGINIA,public,"fastq,sra","gs,ncbi,s3","ncbi.public,s3.us-east-1,gs.US",SRX1081049,Illumina HiSeq 2000,AST_01_04,SINGLE,unspecified,GENOMIC,Daphnia magna,ILLUMINA,2016-07-05T00:00:00Z,AST_01_04,SRP060341,Invertebrate,NA,whole animal,NA,uncalculated,uncalculated,NA,Lab cultivation,female,mixed,,NA,,,mixed,,,NA,,,,,,,,,,,,,,,,,,,,,,,,
SRR2087007,WGS,95,460765770,PRJNA288911,SAMN03839898,396978898,UNIVERSITY OF VIRGINIA,public,"fastq,sra","ncbi,s3,gs","gs.US,s3.us-east-1,ncbi.public",SRX1081050,Illumina HiSeq 2000,BB2,SINGLE,unspecified,GENOMIC,Daphnia magna,ILLUMINA,2016-07-05T00:00:00Z,BB2,SRP060341,Model organism or animal,magna,whole individual,,,,,,not applicable,,,,,,adult and resting stage,,,,,,,,,,,,,,,,,,,,,,,,,,,
SRR2087008,WGS,95,302394595,PRJNA288911,SAMN03839899,262729709,UNIVERSITY OF VIRGINIA,public,"sra,fastq","s3,gs,ncbi","s3.us-east-1,ncbi.public,gs.US",SRX1081051,Illumina HiSeq 2000,BB6,SINGLE,unspecified,GENOMIC,Daphnia magna,ILLUMINA,2016-07-05T00:00:00Z,BB6,SRP060341,Model organism or animal,magna,whole individual,,,,,,not applicable,,,,,,adult and resting stage,,,,,,,,,,,,,,,,,,,,,,,,,,,
SRR2087009,WGS,96,791447808,PRJNA288911,SAMN03839900,625465254,UNIVERSITY OF VIRGINIA,public,"sra,fastq","s3,ncbi,gs","ncbi.public,s3.us-east-1,gs.US",SRX1081052,Illumina HiSeq 2000,BE_KN_21,SINGLE,unspecified,GENOMIC,Daphnia magna,ILLUMINA,2016-07-05T00:00:00Z,BE_KN_21,SRP060341,Model organism or animal,magna,whole individual,,,,,,not applicable,,,,,,adult and resting stage,,,,,,,,,,,,,,,,,,,,,,,,,,,
SRR2087010,WGS,96,338891424,PRJNA288911,SAMN03839901,280600659,UNIVERSITY OF VIRGINIA,public,"sra,fastq","s3,gs,ncbi","ncbi.public,gs.US,s3.us-east-1",SRX1081053,Illumina HiSeq 2000,BX_G_9,SINGLE,unspecified,GENOMIC,Daphnia magna,ILLUMINA,2016-07-05T00:00:00Z,BX_G_9,SRP060341,Model organism or animal,magna,whole organism,,,,,,not applicable,,,,,,adult and resting stage,,,,,,,,,,,,,,,,,,,,,,,,,,,
SRR2087011,WGS,94,651993964,PRJNA288911,SAMN03839902,436303870,UNIVERSITY OF VIRGINIA,public,"fastq,sra","s3,ncbi,gs","ncbi.public,s3.us-east-1,gs.US",SRX1081054,Illumina HiSeq 2000,CH_H_876,SINGLE,unspecified,GENOMIC,Daphnia magna,ILLUMINA,2016-07-05T00:00:00Z,CH_H_876,SRP060341,Model organism or animal,magna,whole individual,,,,,,not applicable,adult and resting stage,,,,,,,,,,,,,,,,,,,,,,,,,,,,,,,,
SRR2087012,WGS,96,763247424,PRJNA288911,SAMN03839903,596780835,UNIVERSITY OF VIRGINIA,public,"fastq,sra","ncbi,gs,s3","s3.us-east-1,ncbi.public,gs.US",SRX1081055,Illumina HiSeq 2000,CZ_N1_1,SINGLE,unspecified,GENOMIC,Daphnia magna,ILLUMINA,2016-07-05T00:00:00Z,CZ_N1_1,SRP060341,Model organism or animal,magna,whole organism,,,,,,not applicable,adult and resting stage,,,,,,,,,,,,,,,,,,,,,,,,,,,,,,,,
SRR2087013,WGS,96,605261760,PRJNA288911,SAMN03839904,482377999,UNIVERSITY OF VIRGINIA,public,"fastq,sra","ncbi,s3,gs","gs.US,ncbi.public,s3.us-east-1",SRX1081056,Illumina HiSeq 2000,FR_C1_1,SINGLE,unspecified,GENOMIC,Daphnia magna,ILLUMINA,2016-07-05T00:00:00Z,FR_C1_1,SRP060341,Model organism or animal,magna,whole organism,,,,,,not applicable,adult and resting stage,,,,,,,,,,,,,,,,,,,,,,,,,,,,,,,,
SRR2087014,WGS,96,592731840,PRJNA288911,SAMN03839905,472981531,UNIVERSITY OF VIRGINIA,public,"fastq,sra","s3,ncbi,gs","s3.us-east-1,gs.US,ncbi.public",SRX1081057,Illumina HiSeq 2000,GB_EL_75_68,SINGLE,unspecified,GENOMIC,Daphnia magna,ILLUMINA,2016-07-05T00:00:00Z,GB_EL_75_68,SRP060341,Model organism or animal,magna,whole organism,,,,,,not applicable,adult and resting stage,,,,,,,,,,,,,,,,,,,,,,,,,,,,,,,,
SRR2087015,WGS,96,317957952,PRJNA288911,SAMN03839906,262407120,UNIVERSITY OF VIRGINIA,public,"sra,fastq","gs,ncbi,s3","s3.us-east-1,ncbi.public,gs.US",SRX1081058,Illumina HiSeq 2000,GR_K_1,SINGLE,unspecified,GENOMIC,Daphnia magna,ILLUMINA,2016-07-05T00:00:00Z,GR_K_1,SRP060341,Model organism or animal,magna,whole individual,,,,,,not applicable,adult and resting stage,,,,,,,,,,,,,,,,,,,,,,,,,,,,,,,,
SRR2087016,WGS,96,577615392,PRJNA288911,SAMN03839907,462901698,UNIVERSITY OF VIRGINIA,public,"fastq,sra","ncbi,gs,s3","s3.us-east-1,gs.US,ncbi.public",SRX1081059,Illumina HiSeq 2000,HU_H_02,SINGLE,unspecified,GENOMIC,Daphnia magna,ILLUMINA,2016-07-05T00:00:00Z,HU_H_02,SRP060341,Model organism or animal,magna,whole individual,,,,,,not applicable,adult and resting stage,,,,,,,,,,,,,,,,,,,,,,,,,,,,,,,,
SRR2087017,WGS,85,419327355,PRJNA288911,SAMN03839908,267965060,UNIVERSITY OF VIRGINIA,public,"sra,fastq","ncbi,gs,s3","ncbi.public,gs.US,s3.us-east-1",SRX1081061,Illumina HiSeq 2000,Iinb1,SINGLE,unspecified,GENOMIC,Daphnia magna,ILLUMINA,2016-07-05T00:00:00Z,Iinb1,SRP060341,Model organism or animal,magna,whole individual,,,,,,not applicable,adult and resting stage,,,,,,,,,,,,,,,,,,,,,,,,,,,,,,,,
SRR2087019,WGS,96,635817600,PRJNA288911,SAMN03839909,502524267,UNIVERSITY OF VIRGINIA,public,"fastq,sra","s3,ncbi,gs","s3.us-east-1,ncbi.public,gs.US",SRX1081062,Illumina HiSeq 2000,IL_M1_8,SINGLE,unspecified,GENOMIC,Daphnia magna,ILLUMINA,2016-07-05T00:00:00Z,IL_M1_8,SRP060341,Model organism or animal,magna,whole individual,,,,,,not applicable,adult and resting stage,,,,,,,,,,,,,,,,,,,,,,,,,,,,,,,,
SRR2087020,WGS,96,529117344,PRJNA288911,SAMN03839910,421600556,UNIVERSITY OF VIRGINIA,public,"sra,fastq","gs,ncbi,s3","s3.us-east-1,gs.US,ncbi.public",SRX1081063,Illumina HiSeq 2000,IR_GG1_1,SINGLE,unspecified,GENOMIC,Daphnia magna,ILLUMINA,2016-07-05T00:00:00Z,IR_GG1_1,SRP060341,Model organism or animal,magna,whole individual,,,,,,not applicable,adult and resting stage,,,,,,,,,,,,,,,,,,,,,,,,,,,,,,,,
SRR2087021,WGS,96,437398752,PRJNA288911,SAMN03839911,358445860,UNIVERSITY OF VIRGINIA,public,"fastq,sra","gs,s3,ncbi","gs.US,s3.us-east-1,ncbi.public",SRX1081064,Illumina HiSeq 2000,MN_DM1,SINGLE,unspecified,GENOMIC,Daphnia magna,ILLUMINA,2016-07-05T00:00:00Z,MN_DM1,SRP060341,Model organism or animal,magna,whole individual,,,,,,not applicable,adult and resting stage,,,,,,,,,,,,,,,,,,,,,,,,,,,,,,,,
SRR2087022,WGS,96,458402208,PRJNA288911,SAMN03839912,379468926,UNIVERSITY OF VIRGINIA,public,"sra,fastq","s3,ncbi,gs","ncbi.public,s3.us-east-1,gs.US",SRX1081065,Illumina HiSeq 2000,MOS_01_06,SINGLE,unspecified,GENOMIC,Daphnia magna,ILLUMINA,2016-07-05T00:00:00Z,MOS_01_06,SRP060341,Model organism or animal,magna,whole individual,,,,,,not applicable,adult and resting stage,,,,,,,,,,,,,,,,,,,,,,,,,,,,,,,,
SRR2087023,WGS,96,546533856,PRJNA288911,SAMN03839913,438770601,UNIVERSITY OF VIRGINIA,public,"sra,fastq","ncbi,s3,gs","s3.us-east-1,ncbi.public,gs.US",SRX1081066,Illumina HiSeq 2000,MZ_S19,SINGLE,unspecified,GENOMIC,Daphnia magna,ILLUMINA,2016-07-05T00:00:00Z,MZ_S19,SRP060341,Model organism or animal,magna,whole individual,,,,,,not applicable,adult and resting stage,,,,,,,,,,,,,,,,,,,,,,,,,,,,,,,,
SRR2087024,WGS,96,380217312,PRJNA288911,SAMN03839914,312116758,UNIVERSITY OF VIRGINIA,public,"fastq,sra","gs,ncbi,s3","s3.us-east-1,ncbi.public,gs.US",SRX1081068,Illumina HiSeq 2000,SE_G4_20,SINGLE,unspecified,GENOMIC,Daphnia magna,ILLUMINA,2016-07-05T00:00:00Z,SE_G4_20,SRP060341,Model organism or animal,magna,whole individual,,,,,,not applicable,adult and resting stage,,,,,,,,,,,,,,,,,,,,,,,,,,,,,,,,
SRR2087025,WGS,95,393547095,PRJNA288911,SAMN03839915,338872125,UNIVERSITY OF VIRGINIA,public,"fastq,sra","ncbi,gs,s3","ncbi.public,gs.US,s3.us-east-1",SRX1081069,Illumina HiSeq 2000,Spb_09,SINGLE,unspecified,GENOMIC,Daphnia magna,ILLUMINA,2016-07-05T00:00:00Z,Spb_09,SRP060341,Model organism or animal,magna,whole individual,,,,,,not applicable,adult and resting stage,,,,,,,,,,,,,,,,,,,,,,,,,,,,,,,,
SRR2087026,WGS,95,340326290,PRJNA288911,SAMN03839916,294617708,UNIVERSITY OF VIRGINIA,public,"sra,fastq","gs,ncbi,s3","gs.US,ncbi.public,s3.us-east-1",SRX1081070,Illumina HiSeq 2000,Spb_35,SINGLE,unspecified,GENOMIC,Daphnia magna,ILLUMINA,2016-07-05T00:00:00Z,Spb_35,SRP060341,Model organism or animal,magna,whole individual,,,,,,not applicable,adult and resting stage,,,,,,,,,,,,,,,,,,,,,,,,,,,,,,,,
SRR2087027,WGS,96,349185600,PRJNA288911,SAMN03839917,287110537,UNIVERSITY OF VIRGINIA,public,"sra,fastq","ncbi,s3,gs","s3.us-east-1,gs.US,ncbi.public",SRX1081071,Illumina HiSeq 2000,VOL_39,SINGLE,unspecified,GENOMIC,Daphnia magna,ILLUMINA,2016-07-05T00:00:00Z,VOL_39,SRP060341,Model organism or animal,magna,whole individual,,,,,,not applicable,adult and resting stage,,,,,,,,,,,,,,,,,,,,,,,,,,,,,,,,
SRR2087028,WGS,96,474574752,PRJNA288911,SAMN03839918,388629719,UNIVERSITY OF VIRGINIA,public,"sra,fastq","ncbi,s3,gs","gs.US,s3.us-east-1,ncbi.public",SRX1081072,Illumina HiSeq 2000,VOL_56,SINGLE,unspecified,GENOMIC,Daphnia magna,ILLUMINA,2016-07-05T00:00:00Z,VOL_56,SRP060341,Model organism or animal,magna,whole individual,,,,,,not applicable,adult and resting stage,,,,,,,,,,,,,,,,,,,,,,,,,,,,,,,,
SRR2087029,WGS,95,400673235,PRJNA288911,SAMN03839919,347192380,UNIVERSITY OF VIRGINIA,public,"sra,fastq","gs,s3,ncbi","s3.us-east-1,ncbi.public,gs.US",SRX1081073,Illumina HiSeq 2000,VV2,SINGLE,unspecified,GENOMIC,Daphnia magna,ILLUMINA,2016-07-05T00:00:00Z,VV2,SRP060341,Model organism or animal,magna,whole individual,,,,,,not applicable,adult and resting stage,,,,,,,,,,,,,,,,,,,,,,,,,,,,,,,,
SRR7120839,WGS,173,1492509377,PRJNA464027,SAMN09071747,1081610625,DHANDAPV'S SHARED SUBMISSIONS,public,"sra,fastq","gs,ncbi,s3","s3.us-east-1,gs.US,ncbi.public",SRX4042391,Illumina HiSeq 4000,DaphniaAnt,PAIRED,RANDOM,GENOMIC,Daphnia magna,ILLUMINA,2018-05-04T00:00:00Z,Daphnia magna P-IT,SRP144627,Invertebrate,P-IT,whole organism,2000,Italy,Europe,Italy: Verbania,Institute of Ecosystem study,,,,not applicable,,,,,,not applicable,,,,,,,,,,,,,,,,,,,,,,,,
SRR9597064,WGS,602,4272784698,PRJNA419750,SAMN08098114,2750798145,ILLINOIS INSTITUTE OF TECHNOLOGY,public,"fastq,sra","ncbi,gs,s3","s3.us-east-1,gs.US,ncbi.public",SRX6362780,Illumina HiSeq 2000,BEOM2,PAIRED,RANDOM,GENOMIC,Hamiltosporidium magnivora,ILLUMINA,2019-12-19T00:00:00Z,Hamiltosporidium magnivora BEOM2,SRP211974,"Microbe\, viral or environmental",BE-OM-2,,Sep-2015,Belgium,Europe,Belgium:Heverlee,,,,,Daphnia magna,Daphnia magna in culture,,,,,,,,,,,,,,,,,,,,,,,,,,,,,
SRR9597065,WGS,602,9875009340,PRJNA419750,SAMN08098115,5358536221,ILLINOIS INSTITUTE OF TECHNOLOGY,public,"fastq,sra","s3,gs,ncbi","ncbi.public,s3.us-east-1,gs.US",SRX6362779,Illumina HiSeq 2000,FIOER33,PAIRED,RANDOM,GENOMIC,Hamiltosporidium tvaerminnensis,ILLUMINA,2019-12-19T00:00:00Z,Hamiltosporidium tvaerminnensis FIOER33,SRP211974,"Microbe\, viral or environmental",FI-OER-3-3,,Jun-2008,Finland,Europe,Finland:Oeren Tvarminne Achipelago,,,,,Daphnia magna,Daphnia magna in culture,,,,,,,,,,,,,,,,,,,,,,,,,,,,,
SRR9597066,WGS,602,4949829416,PRJNA419750,SAMN08098117,3204374059,ILLINOIS INSTITUTE OF TECHNOLOGY,public,"fastq,sra","s3,gs,ncbi","s3.us-east-1,ncbi.public,gs.US",SRX6362778,Illumina HiSeq 2000,ILBN2,PAIRED,RANDOM,GENOMIC,Hamiltosporidium magnivora,ILLUMINA,2019-12-19T00:00:00Z,Hamiltosporidium magnivora ILBN2,SRP211974,"Microbe\, viral or environmental",IL-BN-2,,Feb-2014,Israel,Asia,Israel:Golan heights,,,,,Daphnia magna,Daphnia magna in culture,,,,,,,,,,,,,,,,,,,,,,,,,,,,,
SRR9597067,WGS,252,28768849704,PRJNA419750,SAMN08098116,16015881200,ILLINOIS INSTITUTE OF TECHNOLOGY,public,"fastq,sra","ncbi,gs,s3","s3.us-east-1,ncbi.public,gs.US",SRX6362777,Illumina HiSeq 2000,ILG3,PAIRED,RANDOM,GENOMIC,Hamiltosporidium tvaerminnensis,ILLUMINA,2019-12-19T00:00:00Z,Hamiltosporidium tvaerminnensis ILG3,SRP211974,"Microbe\, viral or environmental",IL-G-3,,Jun-2012,Israel,Asia,Israel:Gaash Pond,,,,,Daphnia magna,Daphnia magna in culture,,,,,,,,,,,,,,,,,,,,,,,,,,,,,
SRR9597068,WGS,252,22219666308,PRJNA419750,SAMN08098154,11711499339,ILLINOIS INSTITUTE OF TECHNOLOGY,public,"fastq,sra","s3,gs,ncbi","gs.US,s3.us-east-1,ncbi.public",SRX6362776,Illumina HiSeq 2000,NOV7,PAIRED,RANDOM,GENOMIC,Ordospora colligata,ILLUMINA,2019-12-19T00:00:00Z,Ordospora colligata NOV7,SRP211974,"Microbe\, viral or environmental",NO-V-7,,Sep-2014,Norway,Europe,Norway,,,,,Daphnia magna,Daphnia magna in culture,,,,,,,,,,,,,,,,,,,,,,,,,,,,,
SRR9597069,WGS,252,20165490828,PRJNA419750,SAMN08098155,10403234689,ILLINOIS INSTITUTE OF TECHNOLOGY,public,"fastq,sra","gs,ncbi,s3","ncbi.public,s3.us-east-1,gs.US",SRX6362775,Illumina HiSeq 2000,GBEP,PAIRED,RANDOM,GENOMIC,Ordospora colligata,ILLUMINA,2019-12-19T00:00:00Z,Ordospora colligata GBEP,SRP211974,"Microbe\, viral or environmental",GB-EP-1,,Nov-2014,United Kingdom,Europe,United Kingdom,,,,,Daphnia magna,Daphnia magna in culture,,,,,,,,,,,,,,,,,,,,,,,,,,,,,
SRR9597070,WGS,252,12216516480,PRJNA419750,SAMN08098156,5927350338,ILLINOIS INSTITUTE OF TECHNOLOGY,public,"sra,fastq","ncbi,gs,s3","s3.us-east-1,gs.US,ncbi.public",SRX6362774,Illumina HiSeq 2000,FISK,PAIRED,RANDOM,GENOMIC,Ordospora colligata,ILLUMINA,2019-12-19T00:00:00Z,Ordospora colligata FISK,SRP211974,"Microbe\, viral or environmental",FI-SK-17-1,,Sep-2014,Finland,Europe,Finland,,,,,Daphnia magna,Daphnia magna in culture,,,,,,,,,,,,,,,,,,,,,,,,,,,,,
SRR9072116,WGS,386,1138374820,PRJNA543317,SAMN11660786,595302384,UNIVERSITY OF NEBRASKA-LINCOLN,public,"fastq,sra","s3,gs,ncbi","gs.US,ncbi.public,s3.us-east-1",SRX5848108,Illumina MiSeq,juv_daphnia_1,PAIRED,RANDOM,METAGENOMIC,crustacean metagenome,ILLUMINA,2019-05-16T00:00:00Z,juvenile_daphnia_magna,SRP198654,Metagenome or environmental,,,2017-12-07,USA,North America,USA:Nebraska,,,,,Daphnia magna,,,,40.818788 N 96.705337 W,100,,,,,,,,,,,,,,,,,,,,,,,,,
SRR9072117,WGS,338,1091360888,PRJNA543317,SAMN11660786,560523811,UNIVERSITY OF NEBRASKA-LINCOLN,public,"fastq,sra","s3,gs,ncbi","s3.us-east-1,gs.US,ncbi.public",SRX5848107,Illumina MiSeq,juv_daphnia_2,PAIRED,RANDOM,METAGENOMIC,crustacean metagenome,ILLUMINA,2019-05-16T00:00:00Z,juvenile_daphnia_magna,SRP198654,Metagenome or environmental,,,2017-12-07,USA,North America,USA:Nebraska,,,,,Daphnia magna,,,,40.818788 N 96.705337 W,100,,,,,,,,,,,,,,,,,,,,,,,,,
SRR9072118,WGS,443,348297264,PRJNA543317,SAMN11660785,245975171,UNIVERSITY OF NEBRASKA-LINCOLN,public,"sra,fastq","gs,s3,ncbi","gs.US,s3.us-east-1,ncbi.public",SRX5848106,Illumina MiSeq,ad_daphnia_1,PAIRED,RANDOM,METAGENOMIC,crustacean metagenome,ILLUMINA,2019-05-16T00:00:00Z,adult_daphnia_magna,SRP198654,Metagenome or environmental,,,2017-12-07,USA,North America,USA:Nebraska,,,,,Daphnia magna,,,,40.818788 N 96.705337 W,200,,,,,,,,,,,,,,,,,,,,,,,,,
SRR9072119,WGS,394,1240449459,PRJNA543317,SAMN11660785,676126656,UNIVERSITY OF NEBRASKA-LINCOLN,public,"fastq,sra","ncbi,gs,s3","s3.us-east-1,gs.US,ncbi.public",SRX5848105,Illumina MiSeq,ad_daphnia_2,PAIRED,RANDOM,METAGENOMIC,crustacean metagenome,ILLUMINA,2019-05-16T00:00:00Z,adult_daphnia_magna,SRP198654,Metagenome or environmental,,,2017-12-07,USA,North America,USA:Nebraska,,,,,Daphnia magna,,,,40.818788 N 96.705337 W,200,,,,,,,,,,,,,,,,,,,,,,,,,
